<?xml version="1.0" encoding="UTF-8"?>
<project-private xmlns="http://www.netbeans.org/ns/project-private/1">
    <editor-bookmarks xmlns="http://www.netbeans.org/ns/editor-bookmarks/2" lastBookmarkId="0"/>
    <open-files xmlns="http://www.netbeans.org/ns/projectui-open-files/2">
        <group>
            <file>file:/F:/Article/57%20Self-Adaptive%20Solar%20Energy%20Harvesting/Code/Self-Adaptive%20Pattern%20Matching/src/self/adaptive/pattern/matching/Reader.java</file>
            <file>file:/F:/Article/57%20Self-Adaptive%20Solar%20Energy%20Harvesting/Code/Self-Adaptive%20Pattern%20Matching/src/self/adaptive/pattern/matching/SelfAdaptivePatternMatching.java</file>
        </group>
    </open-files>
</project-private>
